INSERT INTO `trading_partners` (
   `partner_id`
  ,`partner_name`
  ,`partner_type`
  ,`password`
  ,`enabled`
) VALUES (
   'ttc_verify_test'
  ,'Talemetry Verify Service Provider'
  ,'assessment'
  ,'zCtY3MhGSg/9y8oCLsvxPWfPdVfYWAU9OMiCoqJEpCS+jpMfIeCNeAxOYpbVVdD0'
  ,1
);

INSERT INTO `package_definitions` (
   `package_id`
  ,`owning_service_tp_id`
  ,`vendor_package_ids`
  ,`created_date`
  ,`created_tp_id`
  ,`created_tp_user_id`
  ,`updated_date`
  ,`updated_tp_id`
  ,`updated_tp_user_id`
) VALUES (
   'ttc_verify_test_api'
  ,'ttc_verify'
  ,'{"":""}'
  ,NOW()
  ,'ttc_verify'
  ,'ttc_verify'
  ,NOW()
  ,'ttc_verify'
  ,'ttc_verify'
);

INSERT INTO `package_texts` (
   `package_id`
  ,`client_group_id`
  ,`client_user_id`
  ,`language`
  ,`package_name`
  ,`created_date`
  ,`created_tp_id`
  ,`created_tp_user_id`
  ,`updated_date`
  ,`updated_tp_id`
  ,`updated_tp_user_id`
) VALUES (
   'ttc_verify_test_api'
  ,''
  ,''
  ,'en'
  ,'API only'
  ,NOW()
  ,'ttc_verify'
  ,'ttc_verify'
  ,NOW()
  ,'ttc_verify'
  ,'ttc_verify'
);

INSERT INTO `package_mappings` (
   `package_id`
  ,`client_group_id`
  ,`client_user_id`
  ,`package_select`
  ,`package_display`
  ,`enabled`
  ,`package_group`
  ,`package_order`
  ,`created_date`
  ,`created_tp_id`
  ,`created_tp_user_id`
  ,`updated_date`
  ,`updated_tp_id`
  ,`updated_tp_user_id`
) VALUES (
   'ttc_verify_test_api'
  ,'test_client_ttc'
  ,''
  ,2
  ,0
  ,1
  ,100
  ,50
  ,NOW()
  ,'ttc_verify'
  ,'ttc_verify'
  ,NOW()
  ,'ttc_verify'
  ,'ttc_verify'
);

INSERT INTO `service_definitions` (
   `service_tp_id`
  ,`service_id`
  ,`service_category_id`
  ,`repeatable`
  ,`vendor_service_id`
  ,`created_date`
  ,`created_tp_id`
  ,`created_tp_user_id`
  ,`updated_date`
  ,`updated_tp_id`
  ,`updated_tp_user_id`
) VALUES (
   'ttc_verify_test'
  ,'_core'
  ,'_core'
  ,0
  ,''
  ,NOW()
  ,'ttc_verify'
  ,'ttc_verify'
  ,NOW()
  ,'ttc_verify'
  ,'ttc_verify'
),(
   'ttc_verify_test'
  ,'_core_vendor'
  ,'_core'
  ,0
  ,''
  ,NOW()
  ,'ttc_verify'
  ,'ttc_verify'
  ,NOW()
  ,'ttc_verify'
  ,'ttc_verify'
),(
   'ttc_verify_test'
  ,'test_no_expiry'
  ,'assessment'
  ,0
  ,'test_no_expiry_external_id'
  ,NOW()
  ,'ttc_verify'
  ,'ttc_verify'
  ,NOW()
  ,'ttc_verify'
  ,'ttc_verify'
),(
   'ttc_verify_test'
  ,'test_order_expired'
  ,'assessment'
  ,0
  ,'test_order_expired_external_id'
  ,NOW()
  ,'ttc_verify'
  ,'ttc_verify'
  ,NOW()
  ,'ttc_verify'
  ,'ttc_verify'
),(
   'ttc_verify_test'
  ,'test_order_not_expired'
  ,'assessment'
  ,0
  ,'test_order_not_expired_external_id'
  ,NOW()
  ,'ttc_verify'
  ,'ttc_verify'
  ,NOW()
  ,'ttc_verify'
  ,'ttc_verify'
),(
   'ttc_verify_test'
  ,'test_result_expired'
  ,'assessment'
  ,0
  ,'test_result_expired_external_id'
  ,NOW()
  ,'ttc_verify'
  ,'ttc_verify'
  ,NOW()
  ,'ttc_verify'
  ,'ttc_verify'
),(
   'ttc_verify_test'
  ,'test_result_not_expired'
  ,'assessment'
  ,0
  ,'test_result_not_expired_external_id'
  ,NOW()
  ,'ttc_verify'
  ,'ttc_verify'
  ,NOW()
  ,'ttc_verify'
  ,'ttc_verify'
),(
   'ttc_verify_test'
  ,'test_order_result_not_expired'
  ,'assessment'
  ,0
  ,'test_order_result_not_expired_external_id'
  ,NOW()
  ,'ttc_verify'
  ,'ttc_verify'
  ,NOW()
  ,'ttc_verify'
  ,'ttc_verify'
),(
   'ttc_verify_test'
  ,'test_order_result_expired'
  ,'assessment'
  ,0
  ,'test_order_result_expired_external_id'
  ,NOW()
  ,'ttc_verify'
  ,'ttc_verify'
  ,NOW()
  ,'ttc_verify'
  ,'ttc_verify'
);

INSERT INTO `service_texts` (
   `service_tp_id`
  ,`service_id`
  ,`client_group_id`
  ,`client_user_id`
  ,`language`
  ,`service_name`
  ,`service_diz`
  ,`instructions_widget`
  ,`instructions_candidate`
  ,`created_date`
  ,`created_tp_id`
  ,`created_tp_user_id`
  ,`updated_date`
  ,`updated_tp_id`
  ,`updated_tp_user_id`
) VALUES (
   'ttc_verify_test'
  ,'_core'
  ,''
  ,''
  ,'en'
  ,'Built-in'
  ,''
  ,''
  ,''
  ,NOW()
  ,'ttc_verify'
  ,'ttc_verify'
  ,NOW()
  ,'ttc_verify'
  ,'ttc_verify'
),(
   'ttc_verify_test'
  ,'_core_vendor'
  ,''
  ,''
  ,'en'
  ,'Built-in (Vendor)'
  ,''
  ,''
  ,''
  ,NOW()
  ,'ttc_verify'
  ,'ttc_verify'
  ,NOW()
  ,'ttc_verify'
  ,'ttc_verify'
),(
   'ttc_verify_test'
  ,'test_no_expiry'
  ,''
  ,''
  ,'en'
  ,'Test Service with No Expiry'
  ,''
  ,''
  ,''
  ,NOW()
  ,'ttc_verify'
  ,'ttc_verify'
  ,NOW()
  ,'ttc_verify'
  ,'ttc_verify'
),(
   'ttc_verify_test'
  ,'test_order_expired'
  ,''
  ,''
  ,'en'
  ,'Test Service with Order Expired and Result Never Expiring'
  ,''
  ,''
  ,''
  ,NOW()
  ,'ttc_verify'
  ,'ttc_verify'
  ,NOW()
  ,'ttc_verify'
  ,'ttc_verify'
),(
   'ttc_verify_test'
  ,'test_order_not_expired'
  ,''
  ,''
  ,'en'
  ,'Test Service with Order Not Expired and Result Never Expiring'
  ,''
  ,''
  ,''
  ,NOW()
  ,'ttc_verify'
  ,'ttc_verify'
  ,NOW()
  ,'ttc_verify'
  ,'ttc_verify'
),(
   'ttc_verify_test'
  ,'test_result_expired'
  ,''
  ,''
  ,'en'
  ,'Test Service with Result Expired and Order Never Expiring'
  ,''
  ,''
  ,''
  ,NOW()
  ,'ttc_verify'
  ,'ttc_verify'
  ,NOW()
  ,'ttc_verify'
  ,'ttc_verify'
),(
   'ttc_verify_test'
  ,'test_result_not_expired'
  ,''
  ,''
  ,'en'
  ,'Test Service with Result Not Expired and Order Never Expiring'
  ,''
  ,''
  ,''
  ,NOW()
  ,'ttc_verify'
  ,'ttc_verify'
  ,NOW()
  ,'ttc_verify'
  ,'ttc_verify'
),(
   'ttc_verify_test'
  ,'test_order_result_expired'
  ,''
  ,''
  ,'en'
  ,'Test Service with Order and Result Expired'
  ,''
  ,''
  ,''
  ,NOW()
  ,'ttc_verify'
  ,'ttc_verify'
  ,NOW()
  ,'ttc_verify'
  ,'ttc_verify'
),(
   'ttc_verify_test'
  ,'test_order_result_not_expired'
  ,''
  ,''
  ,'en'
  ,'Test Service with Order and Result Not Expired'
  ,''
  ,''
  ,''
  ,NOW()
  ,'ttc_verify'
  ,'ttc_verify'
  ,NOW()
  ,'ttc_verify'
  ,'ttc_verify'
);

INSERT INTO `service_mappings` (
   `package_id`
  ,`service_tp_id`
  ,`service_id`
  ,`client_group_id`
  ,`client_user_id`
  ,`service_select`
  ,`service_display`
  ,`enabled`
  ,`service_group`
  ,`service_order`
  ,`result_validity_days`
  ,`order_validity_days`
  ,`created_date`
  ,`created_tp_id`
  ,`created_tp_user_id`
  ,`updated_date`
  ,`updated_tp_id`
  ,`updated_tp_user_id`
) VALUES (
   'ttc_verify_test_api'
  ,'ttc_verify_test'
  ,'_core'
  ,''
  ,''
  ,2
  ,0
  ,1
  ,100
  ,100
  ,-1
  ,-1
  ,NOW()
  ,'ttc_verify'
  ,'ttc_verify'
  ,NOW()
  ,'ttc_verify'
  ,'ttc_verify'
),(
   'ttc_verify_test_api'
  ,'ttc_verify_test'
  ,'_core_vendor'
  ,''
  ,''
  ,2
  ,0
  ,1
  ,100
  ,200
  ,-1
  ,-1
  ,NOW()
  ,'ttc_verify'
  ,'ttc_verify'
  ,NOW()
  ,'ttc_verify'
  ,'ttc_verify'
),(
   'ttc_verify_test_api'
  ,'ttc_verify_test'
  ,'test_no_expiry'
  ,''
  ,''
  ,0
  ,1
  ,1
  ,200
  ,100
  ,-1
  ,-1
  ,NOW()
  ,'ttc_verify'
  ,'ttc_verify'
  ,NOW()
  ,'ttc_verify'
  ,'ttc_verify'
),(
   'ttc_verify_test_api'
  ,'ttc_verify_test'
  ,'test_order_expired'
  ,''
  ,''
  ,0
  ,1
  ,1
  ,200
  ,200
  ,-1
  ,0
  ,NOW()
  ,'ttc_verify'
  ,'ttc_verify'
  ,NOW()
  ,'ttc_verify'
  ,'ttc_verify'
),(
   'ttc_verify_test_api'
  ,'ttc_verify_test'
  ,'test_order_not_expired'
  ,''
  ,''
  ,0
  ,1
  ,1
  ,200
  ,300
  ,-1
  ,1
  ,NOW()
  ,'ttc_verify'
  ,'ttc_verify'
  ,NOW()
  ,'ttc_verify'
  ,'ttc_verify'
),(
   'ttc_verify_test_api'
  ,'ttc_verify_test'
  ,'test_result_expired'
  ,''
  ,''
  ,0
  ,1
  ,1
  ,200
  ,400
  ,0
  ,-1
  ,NOW()
  ,'ttc_verify'
  ,'ttc_verify'
  ,NOW()
  ,'ttc_verify'
  ,'ttc_verify'
),(
   'ttc_verify_test_api'
  ,'ttc_verify_test'
  ,'test_result_not_expired'
  ,''
  ,''
  ,0
  ,1
  ,1
  ,200
  ,500
  ,1
  ,-1
  ,NOW()
  ,'ttc_verify'
  ,'ttc_verify'
  ,NOW()
  ,'ttc_verify'
  ,'ttc_verify'
),(
   'ttc_verify_test_api'
  ,'ttc_verify_test'
  ,'test_order_result_expired'
  ,''
  ,''
  ,0
  ,1
  ,1
  ,200
  ,600
  ,0
  ,0
  ,NOW()
  ,'ttc_verify'
  ,'ttc_verify'
  ,NOW()
  ,'ttc_verify'
  ,'ttc_verify'
),(
   'ttc_verify_test_api'
  ,'ttc_verify_test'
  ,'test_order_result_not_expired'
  ,''
  ,''
  ,0
  ,1
  ,1
  ,200
  ,700
  ,1
  ,1
  ,NOW()
  ,'ttc_verify'
  ,'ttc_verify'
  ,NOW()
  ,'ttc_verify'
  ,'ttc_verify'
);

INSERT INTO `field_definitions` (
   `field_id`
  ,`field_level`
  ,`field_type`
  ,`field_size`
  ,`regex_check`
  ,`vendor_field_id`
  ,`created_date`
  ,`created_tp_id`
  ,`created_tp_user_id`
  ,`updated_date`
  ,`updated_tp_id`
  ,`updated_tp_user_id`
) VALUES (
   'ttc_verify_test_response'
  ,4
  ,0
  ,0
  ,''
  ,''
  ,NOW()
  ,'ttc_verify'
  ,'ttc_verify'
  ,NOW()
  ,'ttc_verify'
  ,'ttc_verify'
),(
   'ttc_verify_test_delay'
  ,4
  ,1
  ,0
  ,''
  ,''
  ,NOW()
  ,'ttc_verify'
  ,'ttc_verify'
  ,NOW()
  ,'ttc_verify'
  ,'ttc_verify'
),(
   'ttc_verify_test_callback'
  ,4
  ,0
  ,0
  ,''
  ,''
  ,NOW()
  ,'ttc_verify'
  ,'ttc_verify'
  ,NOW()
  ,'ttc_verify'
  ,'ttc_verify'
);

INSERT INTO `field_texts` (
   `field_id`
  ,`client_group_id`
  ,`client_user_id`
  ,`language`
  ,`field_name`
  ,`field_tooltip`
  ,`field_comment`
  ,`created_date`
  ,`created_tp_id`
  ,`created_tp_user_id`
  ,`updated_date`
  ,`updated_tp_id`
  ,`updated_tp_user_id`
) VALUES (
   'ttc_verify_test_response'
  ,''
  ,''
  ,'en'
  ,'Test Request Response'
  ,''
  ,''
  ,NOW()
  ,'ttc_verify'
  ,'ttc_verify'
  ,NOW()
  ,'ttc_verify'
  ,'ttc_verify'
),(
   'ttc_verify_test_delay'
  ,''
  ,''
  ,'en'
  ,'Test Callback Delay'
  ,''
  ,''
  ,NOW()
  ,'ttc_verify'
  ,'ttc_verify'
  ,NOW()
  ,'ttc_verify'
  ,'ttc_verify'
),(
   'ttc_verify_test_callback'
  ,''
  ,''
  ,'en'
  ,'Test Callback Response'
  ,''
  ,''
  ,NOW()
  ,'ttc_verify'
  ,'ttc_verify'
  ,NOW()
  ,'ttc_verify'
  ,'ttc_verify'
);

INSERT INTO `field_mappings` (
   `service_tp_id`
  ,`service_id`
  ,`field_id`
  ,`client_group_id`
  ,`client_user_id`
  ,`field_state`
  ,`field_display`
  ,`field_sensitivity`
  ,`field_cp_state`
  ,`field_cp_display`
  ,`field_cp_sensitivity`
  ,`enabled`
  ,`field_group`
  ,`field_order`
  ,`field_default`
  ,`created_date`
  ,`created_tp_id`
  ,`created_tp_user_id`
  ,`updated_date`
  ,`updated_tp_id`
  ,`updated_tp_user_id`
) VALUES (
   'ttc_verify_test'
  ,'_core'
  ,'first_name'
  ,''
  ,''
  ,0
  ,1
  ,1
  ,0
  ,1
  ,1
  ,1
  ,200
  ,100
  ,''
  ,NOW()
  ,'ttc_verify'
  ,'ttc_verify'
  ,NOW()
  ,'ttc_verify'
  ,'ttc_verify'
),(
   'ttc_verify_test'
  ,'_core'
  ,'last_name'
  ,''
  ,''
  ,0
  ,1
  ,1
  ,0
  ,1
  ,1
  ,1
  ,200
  ,200
  ,''
  ,NOW()
  ,'ttc_verify'
  ,'ttc_verify'
  ,NOW()
  ,'ttc_verify'
  ,'ttc_verify'
),(
   'ttc_verify_test'
  ,'test_no_expiry'
  ,'ttc_verify_test_response'
  ,''
  ,''
  ,1
  ,0
  ,1
  ,1
  ,0
  ,1
  ,1
  ,400
  ,100
  ,''
  ,NOW()
  ,'ttc_verify'
  ,'ttc_verify'
  ,NOW()
  ,'ttc_verify'
  ,'ttc_verify'
),(
   'ttc_verify_test'
  ,'test_no_expiry'
  ,'ttc_verify_test_delay'
  ,''
  ,''
  ,1
  ,0
  ,1
  ,1
  ,0
  ,1
  ,1
  ,400
  ,200
  ,''
  ,NOW()
  ,'ttc_verify'
  ,'ttc_verify'
  ,NOW()
  ,'ttc_verify'
  ,'ttc_verify'
),(
   'ttc_verify_test'
  ,'test_no_expiry'
  ,'ttc_verify_test_callback'
  ,''
  ,''
  ,1
  ,0
  ,1
  ,1
  ,0
  ,1
  ,1
  ,400
  ,300
  ,''
  ,NOW()
  ,'ttc_verify'
  ,'ttc_verify'
  ,NOW()
  ,'ttc_verify'
  ,'ttc_verify'
),(
   'ttc_verify_test'
  ,'test_order_expired'
  ,'ttc_verify_test_response'
  ,''
  ,''
  ,1
  ,0
  ,1
  ,1
  ,0
  ,1
  ,1
  ,400
  ,100
  ,''
  ,NOW()
  ,'ttc_verify'
  ,'ttc_verify'
  ,NOW()
  ,'ttc_verify'
  ,'ttc_verify'
),(
   'ttc_verify_test'
  ,'test_order_expired'
  ,'ttc_verify_test_delay'
  ,''
  ,''
  ,1
  ,0
  ,1
  ,1
  ,0
  ,1
  ,1
  ,400
  ,200
  ,''
  ,NOW()
  ,'ttc_verify'
  ,'ttc_verify'
  ,NOW()
  ,'ttc_verify'
  ,'ttc_verify'
),(
   'ttc_verify_test'
  ,'test_order_expired'
  ,'ttc_verify_test_callback'
  ,''
  ,''
  ,1
  ,0
  ,1
  ,1
  ,0
  ,1
  ,1
  ,400
  ,300
  ,''
  ,NOW()
  ,'ttc_verify'
  ,'ttc_verify'
  ,NOW()
  ,'ttc_verify'
  ,'ttc_verify'
),(
   'ttc_verify_test'
  ,'test_order_not_expired'
  ,'ttc_verify_test_response'
  ,''
  ,''
  ,1
  ,0
  ,1
  ,1
  ,0
  ,1
  ,1
  ,400
  ,100
  ,''
  ,NOW()
  ,'ttc_verify'
  ,'ttc_verify'
  ,NOW()
  ,'ttc_verify'
  ,'ttc_verify'
),(
   'ttc_verify_test'
  ,'test_order_not_expired'
  ,'ttc_verify_test_delay'
  ,''
  ,''
  ,1
  ,0
  ,1
  ,1
  ,0
  ,1
  ,1
  ,400
  ,200
  ,''
  ,NOW()
  ,'ttc_verify'
  ,'ttc_verify'
  ,NOW()
  ,'ttc_verify'
  ,'ttc_verify'
),(
   'ttc_verify_test'
  ,'test_order_not_expired'
  ,'ttc_verify_test_callback'
  ,''
  ,''
  ,1
  ,0
  ,1
  ,1
  ,0
  ,1
  ,1
  ,400
  ,300
  ,''
  ,NOW()
  ,'ttc_verify'
  ,'ttc_verify'
  ,NOW()
  ,'ttc_verify'
  ,'ttc_verify'
),(
   'ttc_verify_test'
  ,'test_result_expired'
  ,'ttc_verify_test_response'
  ,''
  ,''
  ,1
  ,0
  ,1
  ,1
  ,0
  ,1
  ,1
  ,400
  ,100
  ,''
  ,NOW()
  ,'ttc_verify'
  ,'ttc_verify'
  ,NOW()
  ,'ttc_verify'
  ,'ttc_verify'
),(
   'ttc_verify_test'
  ,'test_result_expired'
  ,'ttc_verify_test_delay'
  ,''
  ,''
  ,1
  ,0
  ,1
  ,1
  ,0
  ,1
  ,1
  ,400
  ,200
  ,''
  ,NOW()
  ,'ttc_verify'
  ,'ttc_verify'
  ,NOW()
  ,'ttc_verify'
  ,'ttc_verify'
),(
   'ttc_verify_test'
  ,'test_result_expired'
  ,'ttc_verify_test_callback'
  ,''
  ,''
  ,1
  ,0
  ,1
  ,1
  ,0
  ,1
  ,1
  ,400
  ,300
  ,''
  ,NOW()
  ,'ttc_verify'
  ,'ttc_verify'
  ,NOW()
  ,'ttc_verify'
  ,'ttc_verify'
),(
   'ttc_verify_test'
  ,'test_result_not_expired'
  ,'ttc_verify_test_response'
  ,''
  ,''
  ,1
  ,0
  ,1
  ,1
  ,0
  ,1
  ,1
  ,400
  ,100
  ,''
  ,NOW()
  ,'ttc_verify'
  ,'ttc_verify'
  ,NOW()
  ,'ttc_verify'
  ,'ttc_verify'
),(
   'ttc_verify_test'
  ,'test_result_not_expired'
  ,'ttc_verify_test_delay'
  ,''
  ,''
  ,1
  ,0
  ,1
  ,1
  ,0
  ,1
  ,1
  ,400
  ,200
  ,''
  ,NOW()
  ,'ttc_verify'
  ,'ttc_verify'
  ,NOW()
  ,'ttc_verify'
  ,'ttc_verify'
),(
   'ttc_verify_test'
  ,'test_result_not_expired'
  ,'ttc_verify_test_callback'
  ,''
  ,''
  ,1
  ,0
  ,1
  ,1
  ,0
  ,1
  ,1
  ,400
  ,300
  ,''
  ,NOW()
  ,'ttc_verify'
  ,'ttc_verify'
  ,NOW()
  ,'ttc_verify'
  ,'ttc_verify'
),(
   'ttc_verify_test'
  ,'test_order_result_expired'
  ,'ttc_verify_test_response'
  ,''
  ,''
  ,1
  ,0
  ,1
  ,1
  ,0
  ,1
  ,1
  ,400
  ,100
  ,''
  ,NOW()
  ,'ttc_verify'
  ,'ttc_verify'
  ,NOW()
  ,'ttc_verify'
  ,'ttc_verify'
),(
   'ttc_verify_test'
  ,'test_order_result_expired'
  ,'ttc_verify_test_delay'
  ,''
  ,''
  ,1
  ,0
  ,1
  ,1
  ,0
  ,1
  ,1
  ,400
  ,200
  ,''
  ,NOW()
  ,'ttc_verify'
  ,'ttc_verify'
  ,NOW()
  ,'ttc_verify'
  ,'ttc_verify'
),(
   'ttc_verify_test'
  ,'test_order_result_expired'
  ,'ttc_verify_test_callback'
  ,''
  ,''
  ,1
  ,0
  ,1
  ,1
  ,0
  ,1
  ,1
  ,400
  ,300
  ,''
  ,NOW()
  ,'ttc_verify'
  ,'ttc_verify'
  ,NOW()
  ,'ttc_verify'
  ,'ttc_verify'
),(
   'ttc_verify_test'
  ,'test_order_result_not_expired'
  ,'ttc_verify_test_response'
  ,''
  ,''
  ,1
  ,0
  ,1
  ,1
  ,0
  ,1
  ,1
  ,400
  ,100
  ,''
  ,NOW()
  ,'ttc_verify'
  ,'ttc_verify'
  ,NOW()
  ,'ttc_verify'
  ,'ttc_verify'
),(
   'ttc_verify_test'
  ,'test_order_result_not_expired'
  ,'ttc_verify_test_delay'
  ,''
  ,''
  ,1
  ,0
  ,1
  ,1
  ,0
  ,1
  ,1
  ,400
  ,200
  ,''
  ,NOW()
  ,'ttc_verify'
  ,'ttc_verify'
  ,NOW()
  ,'ttc_verify'
  ,'ttc_verify'
),(
   'ttc_verify_test'
  ,'test_order_result_not_expired'
  ,'ttc_verify_test_callback'
  ,''
  ,''
  ,1
  ,0
  ,1
  ,1
  ,0
  ,1
  ,1
  ,400
  ,300
  ,''
  ,NOW()
  ,'ttc_verify'
  ,'ttc_verify'
  ,NOW()
  ,'ttc_verify'
  ,'ttc_verify'
);


